{"cameraMode":{"drawMode":0,"name":"Shaded","section":"Shading Mode"},"sceneLighting":true,"audioPlay":false,"sceneViewState":{"m_AlwaysRefresh":false,"showFog":true,"showSkybox":true,"showFlares":true,"showImageEffects":true,"showParticleSystems":true,"showVisualEffectGraphs":true,"m_FxEnabled":true},"in2DMode":false,"pivot":{"x":30.450252532958986,"y":2.3778042793273927,"z":-19.56669044494629},"rotation":{"x":0.1535748690366745,"y":-0.5170814990997315,"z":0.09488341957330704,"w":0.8367913365364075},"size":0.7071067690849304,"orthographic":false}