{"cameraMode":{"drawMode":0,"name":"Shaded","section":"Shading Mode"},"sceneLighting":false,"audioPlay":false,"sceneViewState":{"m_AlwaysRefresh":false,"showFog":true,"showSkybox":false,"showFlares":true,"showImageEffects":true,"showParticleSystems":true,"showVisualEffectGraphs":true,"m_FxEnabled":true},"in2DMode":false,"pivot":{"x":5.596325397491455,"y":7.034897327423096,"z":-4.260004043579102},"rotation":{"x":0.006851858459413052,"y":-0.9383378624916077,"z":0.34615638852119448,"w":0.02071874774992466},"size":10.498324394226075,"orthographic":false}